tweet_id,text_raw,label,pred
NDTD2HK1,"You guys missed Tom Brady's post game speech. Instead of saying he was going to Disneyland, he said ""go vaccinate your children you idiots.""",1,2
9JWDBQN8,"""'Bieber fever' is more infectious than measles."" *whew* I'm glad I've been vaccinated. <url>",2,1
E6PST92X,Anti-vaxxers now have a children's book extolling the virtues of getting measles  <url>,0,2
BXOMO62D,<url> Sad we have drawn suspicion to vaccine campaigns. But bombing children's vaccine clinics is beyond insane,1,2
KBIECW5L,Public Health Officials Warn Against Intentional Exposure To Measles <url>,2,1
VHHJXV7B,Astrology is real and vaccines cause autism.,0,2
0WXLXI5G,"BBC News - 'Milestone' for child malaria vaccine <url> 
It's not THE vaccine for malaria, but it is A vaccine for malaria.",1,2
I6Y46FSL,Heads up if you haven't got your measles vaccine,0,2
SDML9PUM,CDC Says Ebola Vaccine Only Works on White People  <url>,0,1
YMMC8L16,<user> there is no known cause for autism spectrum disorders. misperceptions such as foods and immunizations do more harm than good,2,0
DECHF0SO,"We drove by Walgreens and Barbara said ""School Immunizations. Does that prevent you from going to school?""😂👏",1,2
QBIFGBC9,"Vaccines are safe, but there are rare, unexpected risks: There's no doubt that childhood vaccines are generally… <url>",1,0
NEK23LC5,Eric and Jordan Staal better have gotten their MMR shots as kids.... <user>,2,1
AGYCT544,<user> <user> <user> <user> <user> it's not about ME. it's about elderly and sick and children who can't be vaccinated.,1,0
62K1KSQC,<user> did you vaccinate any children?,1,2
IPIWKAAA,The World Health Organization certified that smallpox had been completely eradicated on this day in 1979.  #vaccination,2,1
O1LQ72U1,<url> Judge orders 10-year-old girl be vaccinated for measles against mom’s wishes. <url>,1,2
JSSI3B44,"I have the biggest heart for foster children, it saddens me when i give them their vaccines :(",1,2
J01LGQKP,"There's a virus that is called ANA and when parents bring their kids to the clinic to get the vaccination they say “we're here for ANA""",1,2
R9A9ICA0,"<user> <user> My children are 27,24 &amp; 19. Completely up to date on their vaccines. I'm questioning the meningitis 4 My Son, 19",2,0
VG3NIJI8,Concerns about measles increase awareness of immunization importance!,2,1
WJ1R4846,<user> while conveniently forgetting the measles outbreak in TX a couple yrs ago. I Honestly thought Americans were smarter <user>,2,1
MP0BP44Z,"“<user>  <user> <user> <user> <user> "" you see how hard it is to show a convincing vaccine-autism link?",2,0
0MZTJ23Y,Brain Cancer Patients Sought for Clinic Trial of Vaccine <url> via <url>,1,0
HTRF1KF4,Nuttin better than getting up early to vaccinate chickens before school 😬 #farmlife,1,2
RYJH3M01,Children line up for back-to-school immunizations: SAN ANTONIO - The new school year is fast approaching for many… <url>,1,2
9H1L8GMN,"I had to pay $70 for stupid immunization FUCK YOU Health services, they take forever and still rip me off with something I didn't nee..",0,1
8SI149NO,Arkansas just removed 100+ students from school that did not get there required immunizations. Good move AR.  I rarely get to say that. :),2,1
Y13ATF9J,Ok people yes/no did you have your children vaccinated?,1,2
PKU918Y5,"I don't have kids but this is a scary stat from my gen ""<user> 1 in 5 millennials thinks vaccines cause autism: <url>",2,0
IZ698LKI,<user> <user> <user> <user> <user> where'd that even come from? No. What's that got to do with dumb people and vaccines,0,2
LNIH6DYP,How vaccines changed the course of US disease over time <url>,1,0
XEHXA2FY,Just heard a lady talking about how she doesn't want to vaccinate her child. I'm going to just assume she's the dumbest person I've ever met,2,1
9V84622R,Day Care businesses to host children's vaccination clinics <url> Most read by neighbors in #Mustang #Sparks,1,2
EY9KDESY,<user> I AM against the poisons they want to inject into babies !! STOP following me!!!!!,0,2
I1REM9RW,"Now my professor is talking about how the plague is going to come back, how vaccines kill babies and how the government lies #CrazyPerson",2,0
BX8YFRVI,I don't have my vaccines.  Does that make me autistic?,1,0
8E22WCMC,"Seriously ""research linking autism 2 vaccines is even more terrible than you think"" <url> <url> <user>",0,2
8ELO5X9S,"People who don't immunize their children are idiots and if you disagree with that, feel free to keep it to yourself.",1,2
WZCWMV1U,"MMR booster...um, yes please?! #teacherssecretlives #firstgraderocks #universityelementaryschool… <url>",2,1
EW6760R8,"#ChildAbuse, <user> RT <user> ▶ 7.1 Percent Of Marin County Families Have Refused To Give Their Children Vaccines: <url>",1,2
FE3DAH3G,Now they will try to discredit her! Vaccines and autism: a new scientific review <url>,0,2
AANPKP2Q,CDC: Flu strain is dangerous this year — and vaccine may be a dud: Federal health officials are warning that a… <url>,1,2
GY3HPBSU,FYI; a flu shot does not protect you from measles....oh the things people say.....,0,1
U188MB0M,"Brain cancer vaccine trial begins <url>
#Health #BrainTumour #BrainCancer #Cancer #Oncology #Oncologist #Medicine",1,0
G23VWSBO,"FACT: Diarrheal diseases kill more children than #AIDS, #malaria &amp; measles combined: <url> #ChooseToInvest <user>",0,1
HNFKQ3YE,<user> <user> Reports say 6 of those diseased WERE vaccinated! Out of 35 cases where vaccination status was known,1,0
P6HW43LN,"McDonald and her husband, a chiropractor, didn't vaccinate their kid because they eat healthy. It's just science. <url>",0,2
FQK01QVI,"Parents trying to reverse kids’ autism by ‘flushing out’ vaccines with bogus ‘miracle’ bleach enemas <url>

Bat Sh*t Crazy",2,0
ZF8RRKM6,“<user> CDC considering recommending HPV vaccinations for boys  <url> hmmm,2,0
3RGVOQ27,<user> AUTISM 1 in every 65 kids are getting it?? My son caught Autism I was warned not to say the immunization(s) caused it..help,0,2
G4J6QW48,I-Team: Vaccine Rates Plummeting In Parts Of Mass.: Childhood vaccines are credited with virtually wiping out a… <url>,1,2
VBHU6G7E,This measles outbreak reminds me of an SVU episode and the bitch who didn't get her kid immunized was found guilty for murder!!!!,2,1
G1RVNYRS,Come in front of the Joe 3-7!! Dunk for March Madness!! $1 = 1 Measles Vaccine!! #RedCross 🏀💉,2,1
FH24TCC2,<user> go figure it happened in Texas. The state where people don't vaccinate their kids and are sending the state back to the stone age.,1,2
H745DH91,Vaccination paperwork delivered. No more shots needed :-) (@ Shippensburg Area Middle School) <url>,2,0
L3KWSF7B,"<user> Uganda will soon hve parents arrested, fined, &amp; jailed if they choose not to have their childrn vaccinated. <url>",1,0
EMZ4UX7M,"“<user> VACCINES ARE LIKE VIRUS DEFINITIONS
WOULD YOU PUT SOMETHING FROM SYMANTEC IN YOUR KIDS” Caps, misspelled. Sounds legit",0,2
37381CK5,<user> <user> calling something controversial doesn't make it controversial. HPV vaccine works and is safe. Shame on you,2,1
O3NLMCH4,"A08633 [NEW] Amd 2164, Pub Health L Relates to mandatory influenza vaccine for persons attending daycare. <url>",2,1
OW0G8TKD,"<user> <user> Yuppers, she is 16 and no matter how much data you put in front of me I will vaccinate my child, I value her life!",2,0
HGXV34AD,"Thr ARE some babies/children who CANNOT get #vaccinated bcz of reactions, allergies, etc, but THAT shld be a rare exception, NOT the rule!",0,2
20915771,<user> I just showed you study that autism may be diagnosed during pregnancy. #StoptheLies #vaccinesdontcauseautism #vaccinesNOVA,1,2
XDS81KTL,A Letter from Joni Ernst About Measles <url> #WhenPigFarmersFly,2,1
11YW9J2W,Had 3 shots of vaccines. And then school. And then home. Lol didn't rode the bus so everything's fine. I h8 riding the school bus.,2,1
JILHM46M,"Thank you miss informed people #outbreak #dumbasses
Measles outbreak in Orange County, California worst in decades <url>",2,1
GIZ16HQ2,<user> They have good reputation! Health is your main issue. Vaccination requirement would be my main question. Good luck #puppains,1,2
OA0FE513,"Not really. Plenty of diseases are treated unequally, but the Ebola vaccine is a terrible example for that point. <user> <user>",1,0
50DH1ELM,"After the news of a #BART passenger possibly spreading Measles, riding public transit feels like an episode of The Walking Dead.",2,1
LNA7G7AF,<user> #GOP STOP blaming #Immigrants first #Ebola now #measles Which diseases?brought their ancestors? #AINF <url>,2,1
KA143GJS,<user> vaccine truth: <url>,1,0
QPH6T8Z6,AM-News : Decades of Old Research Leads to Possible HIV Vaccine For Kids: Researchers at Duke University have... <url>,1,2
4GAJ5FEQ,"<user> with a little tweaking, though, that Nationwide ad would be an awesome pro-vax PSA. ""I'll never grow up, I caught measles""",2,1
6GSY7LX7,<user> The end of humans in one..  (more like28 sticks.)  All before you can learn to speak the word vaccination,2,0
OPR5BDA8,Disneyland Measles Outbreak Another Lesson in How Stupidity Can Kill - <url> via <user> RT! LIVES DEPEND ON IT!,2,1
5RERYYFG,what's this trend with parents not wanting to vaccinate their kids......,1,2
4EOJAZJ2,Suppose I should find a measles vaccine.,2,1
F80QKE9P,KNX Spotlight: The Vaccine Dilemma: Should parents have to vaccinate their kids?That’s the focus of “KNX Spotlight:… <url>,1,2
42NYI5TM,Parents Debate on Children's Vaccination Requirements: The battle over vaccination is heating up with some last… <url>,1,2
X3XAGDD3,Last Minute Scramble for School Vaccinations: While many students are half way through their first day back to... <url>,1,2
Q1EOJDGD,<user> WHAT OF THE HUMAN DEMOCRAT VIRUSES? WHAT VACCINE IS AVAILABLE FOR THE UNCURABLE DISEASES OF DELUSION AND STUPIDITY,1,2
Q4X9OTRM,CDC - HPV Vaccine for Human Papillomavirus - Preteen-Teen-Adolescent - Vaccines <url>,1,0
B3KHPNPC,Agenus begins Phase 2 trials of brain tumor vaccine: Stock in Agenus Inc. (Nasdaq:AGEN) rose more than 4 percent... <url>,0,1
5YEAU0HT,"<user> So now I am a child abuser? 
My 3 grown children R glad I didn't vaccinate them!",0,2
E98EPQFK,2 Sides Face Off Over Vaccines In Public Schools: Opposing sides of vaccination bills butted heads Tuesday at a… <url>,0,2
1DQVUN6I,"<user> Well, some parents can't vaccinate bc their kids have compromised immune systems from disease, transplants etc.",1,2
AM87G6MR,"<user> <user> <user> You have your research, we have ours.  #immunity doesn't need mercury.  Keep it away from me.",0,1
IIN5D33V,"Meeting tonight, 8:30pm in room 322 of the student center! 💙💉 #kent #ksu kentstate #immunizations #ChildrenFirst <url>",2,1
SUURL36Q,"""<user> Doctors Warn Against ‘Measles Parties’ <url> you would think ppl had common sense to nit do this…",2,1
6HIXJ7TP,"Ebola, is it a FEAR tactic to help pass a Law soon to come down the pike. Forced immunization perhaps? #Ebola  #fearmongering",0,1
P238P0J1,Look up the vaccination rate for your NYC or NYS school. <url> via <user> <user>,2,0
J7IQVE6X,<user> Is Imus really telling people to chill until facts are out about Ebola? What about the fake vaccine-autism crap they pushed?,1,2
GR6J7H2H,"Time for some paper writing! Measles mumps and rubella, oh my! #getvaccinated #wgu",2,1
H4B7XFHB,“<user> And in the #HaveYa'allLostYourMinds news ... Measles parties? Ugh. <url> Should be charged w/ child abuse!,2,1
0DXDHSZ7,"In a 2012 #measles outbreak in Quebec, Canada, 52 of the 98 cases were FULLY VACCINATED #vaccineswork ???",0,2
QSQ7HWHU,"60,000 Oakland Kids to Get Free Flu Vaccines: An attorney for Bryan Stow, the gravely injured Giants fan who won a… <url>",1,2
1XOW1VLX,“<user> Injectable 3D vaccines could fight cancer and infectious diseases <url> #healthnews,2,0
U8Q45EBE,<user> self/siblings/cousins got MMR w/zero autism~raised on a farm in MT raised own beef/pork/chicken/raw milk~NO GMOs EVER~that's culprit!,2,1
LKIZSBA5,"Begin building immunity today and join me in a BLACK JACK milkshake ""TO BETTER HEALTH"" SALUTE!!!",0,1
GGKCIZ33,Do you know someone who is opposed to vaccinating children? They'll want to watch today's News at 4. #13Now,1,2
9F2RERBV,"<user> with all these players being diagnosed with the mumps, can the NHL make it mandatory for the players to get an MMR shot?",2,1
8P8OOJE9,"<user> <user> Many ppl have already informed u on this already ur an anti-vaccine troll, so why beat a dead horse?",2,1
V9D94IGN,"Homeland Security employee who helped license animal vaccine is a Sammies finalist: As a child, Michelle Colby... <url>",1,2
R9C2LTPB,Getting my passport and vaccinations prepped. #scared #excited,1,2
R3R31EV5,"<user> vaccinating your children to protect them is a impulse. Yet, to knowingly inject them with a product that has mercury in it. Why?",0,2
Y7YTEZO1,"Daycare owners say all workers and kids who come there must be vaccinated for whooping cough, scary new outbreak statistics",1,2
E2NNCP9J,"Like who the fuck says ""pumped full of mercury and other toxic substances""? it's just a small vaccine, tf",2,0
28V7DAYA,"Considering myself lucky that my pediatrician failed to record my MMR booster back-when, so I had to re-immunize 5 yrs ago at ASU's req.",2,1
NB20U2PE,Who could have guessed RT <user> Conservatives are more likely to believe that vaccines cause autism <url>,1,2
NDPPDI8E,"“<user> A vaccine against heart disease? It's possible <url> I don't like this headline of ""no lettuce, no gym"". Deceiving",2,1
KR1MKHR7,<user> I would be very interested in hearing your opinion after I know you have educated yourself on vaccination poisoning and Autism.,0,2
W5UXW156,"Glad ""herd immunity"" has made its way into the national dialogue. Unfortunate it took a #measles outbreak to do it. #VaccinateYourKids",2,1
8VO17XGY,#choice for measles vaccinations #nochoice for unplanned pregnancies #ChrisChristie,0,1
6HGQ3H1M,Nasal spray flu vaccines deemed ineffective by the CDC <url>,1,0
P47KVI4C,"Got email from my health insurance about measles. I shouldn't have to know anything - there's a vaccine, no one should have it!",0,2
HA4S3G8W,"I still need my 2nd TB test, my MMR vaccine, my license to arrive, a copy of my insurance 😩😩😩 I'm screwed.",2,1
LGAPA743,"Warning about possible measles exposure in Seattle, Kirkland, Mercer Island: SEATTLE — Public health officials on... <url>",2,1
XWGSPQXN,Short version -  FALSE. <user> Circulating rumor claims the MMR vaccine is more dangerous than (cont) <url>,2,1
MSQ1IG7O,<user> I know a lot of school nurses and people fill out a form and ask for religious exemption from vaccinations.,1,2
25AH4F5K,Biochem prof complaining about the governments and vaccinating children... Κ✌️,1,2
DLSO2M6B,<user> <user> thank you! I had Lyme disease was misdiagnosed until I got Bell's palsy had the vaccine now suffer aches all the time!,0,2
6PJ8FIZU,“<user> Metro Health urges protect against measles <url> #KSATnews <url> -Shame on those parents,1,2
M402H39C,Measles in the 'ham.  #TraderJoesHippies Protect the herd! <url>,2,1
SB2HQKVH,"“<user> About 1,500 child-care centers in California have measles vaccination rates of 92% or less: <url> -- Wow.",2,1
L1T6GYV3,"2014, an outbreak of measles 644 were Amish; 324 of the infected Amish were vaccinated. Vaxed does NOT guarantee immunity #CDCwhistleblower",0,1
KY55283B,"#pharmaceutical Vaccine Pharmaceutical Sales Representative - InventivHealth -  Lake Charles, LA  <url>",1,0
U0I0PLEI,I dont vaccinate my kids. #RuinThePartyIn5Words,0,2
1UKO0N84,1st case of measles confirmed in New Jersey <url>,2,1
NWVOC93Q,"Schumer urges free measles vaccinations: In light of the recent measles outbreak in the United States, U.S. Senator… <url>",2,1
GJLIUOYK,“<user> I'm as afraid of the measles as I am of the boogie man #sheep” have checked out the 6abc measles chat?,0,1
7YTLJX7C,"So it's not just you...Federal health officials face tough questions on why flu vaccine ineffective.
 <url>",0,1
83IXUO36,<user> what's real sad is that vaccinations against Trial Lawyers cause autism.,1,2
ZI6JV5IO,Baby's Vaccine Day!,2,0
FH9LSW08,On Fox News - America's Newsroom. Study: no evidence that measles vaccine can cause autism in children. Science on TV! Full link to follow.,0,2
4FMOJZM8,I need to sleep. This vaccination is killing me.,1,0
PBKKY44N,"We've got a black Tri Triple Male #EnglishBulldog #Puppy available Vet Vaccinated, Health… <url>",1,2
H0AR80GW,Vaccines and Autism <url> via <user>,1,0
D1VP56UM,This is my vaccine-injured daughter: Lost in all of the recent stories about a spike in measles cases are many... <url>,1,0
Y61HXY1B,"<user> My daughter just had 1st baby:-) girl 6pounds2ozs, 19 in. tall. C-Sect. Gave hepatitis B Vaccine 1st day. That soon in UK also?",2,1
3S7SN11B,"Insight: GSK vaccine ingredient scrutinized for narcolepsy clues, <url> - FOX News",0,1
KWU52449,"Protect yourself and others | #vaccine “<user> As flu spreads, Minnesota records first death of the season. <url>",2,1
JRD1U7AW,Got my immunization records so I can go bk to school. #OCCiiMcumn...lol,1,2
YVE1K0UP,Bring it on typhoid fever !! And all the other various exotic disease vaccines I just got. (at <user> <url>,1,2
I8QPF85L,"<user> it is difficult to find treatment for viral diseases . Vaccination maybe, but that is a tremendous amount of work.",2,0
UBHZFAF9,DCHHS Offering Back-To-School Immunizations Now: DALLAS (<url> - You don’t have to wait to get... <url>,1,2
VONHUVJY,"Birmingham Schools Warn Parents Of Outbreak Of Chickenpox, Recommend Non-Immunized Stay Home: There were only a few… <url>",2,1
R9L37XVI,Parents refusing vaccines for kids need doctor's signature: Parents in Illinois citing religious objections in… <url>,1,2
9A9M4NO4,The deadly truth about vaccine denialism <url> via <user>,2,0
DYCQLPZO,<user> Isn't this a HIPAA violation? My child's Dr.wouldn't  fax over a signed form to sch. but itunes/icloud can save med. info!,1,2
UKLLWVZ9,barefoot child in mall. #immunitybuilder,1,2
XY8VQKWN,My arm is killing meeeeeee.. Stupid typhoid vaccine,2,0
T2LTP8WL,Study: MMR Vaccine Does Not Trigger Autism:  There is new information that some doctors say could end concerns… <url>,2,1
VDE6O08F,<user> <user> ppl do ur job Most Muslims don't vaccinate their kids and they travel abroad <url>,1,2
4OITSN2I,Things get hard around this time of year #allergyseason #children #SickKids but I believe they are developing immunities and that's powerful,1,2
N4PDUQDD,"<user> let Scarborough know the vaccine-autism study was refuted in 2010, after Obama quote.",1,0
GVD9L4TG,RT...“<user> Sin is a unacknowledged disease that everybody is affected by. Holy Bible is the only vaccination.”,1,0
BWOZLIET,That kid there definitely isn't vaccinated.,1,2
VVSHOLOC,"Huge Meta-Study Of Vaccines Reveals No Link To Autism <url> via <user> My nephew posted this
 Very important",2,0
UM1JGG6J,“<user> How does your state compare in terms of childhood vaccinations? <url>,1,2
ROSP5057,"#dfabhistory2day: 2/23/1954. A group of children from Pittsburgh, PA receive 1st injections of new polio vaccine developed by Dr. Jonas Salk",2,1
HXVJCWZU,Sen. Boxer wants all children at Head Start programs to get vaccinated-introduces legislation. #Measles #mapit <url>,2,1
OVNPOAUX,<user> a nearly 67 year old study when mental health studies and vaccines were relatively in their infancies that has been refuted?,2,0
9J42M1FD,AM-News : HIV vaccine elicits anti-V1V2 IgG antibody response in infants: Two investigational HIV vaccines... <url>,1,2
YA0ST308,"IDIOT ""<user> Kristin Cavallari defends her anti-vaccine stance, saying, ""We feel like we're making the best decision for our kids""",0,2
6X9NRJKU,Thomasville mother blames immunization shots on daughters’ autism <url>,0,2
5V87DVFI,"<user> Bah, we'll just rub some ""Essential Oils"" on my childs measles infection. You have Jenny McCarthy to thank for the movement!",0,2
XRTV4HU8,I don't want kids cause I'm gonna give my kids autism cause of the vaccinations us 90s kids had as a kid,0,2
41HCR431,“<user> Safety testing of an Ebola vaccine will begin soon <url> WTH !,2,1
QG5BS7U0,<user> Remember the immunization hypothesis of autism?  It's not.  It's strep throat.,1,2
KQLSMSQE,Just got bit by a feral dog. Anyone know where I can get a rabies vaccine WITHOUT autism in it?,1,2
GW6O0IIK,Measles Outbreak: To Vaccinate Or Not Vaccinate <url>,1,2
8GCUZZH2,Sure vaccines may prevent disease but what about all the other shit in them?,0,2
R0X568K8,There anything to this rhetoric of the border kids spreading disease? That shit sounds super racist. They have vaccines in Central America.,1,0
ZNB9EKQH,Not vaccination “<user> Genetics 'are to blame for nearly all autism cases': DNA behind up to 98% of ... <url>,2,0
IHIN6JGW,21 states trying to make #vaccine exemptions more difficult to get: <url>  <user> <user> #publichealth,1,2
1CN4D9G5,Is the #measles out break really from the anti-Vax community or from the vaccine itself. <user>  <url>,0,1
YREMQJMJ,"When the term ""immunization"" is used to talk about a ""vaccination"", esp on the CDC website, I lose my mind. Vaccination is NOT immunization.",1,2
SPJV6KPX,I refuse to take sides on vaccinate/don't vaccinate debate.I will just say that everyone with kids are terrible terrible people.#PointsMe,1,2
RN12GHL2,"Let's be honest Diseases are here to wipe out the weak.So let's let that happen, quit making vaccines Mother Nature is trying to help us.",0,2
EMBI3VOD,Vaccine spray may not work for swine flu in kids: Health officials say the nasal spray version of the flu vaccine… <url>,1,0
WW8CW7YF,"Just spoke with our ped to confirm my 18-mth old has immunity to #Measles bc he had part 1 of vaccine. It's 2015, people. #Vaccinate",2,1
KSSYIY4R,<user> I know it's crazy. There's literally no evidence based literature that shows any correlation between autism &amp; vaccines.,2,0
5ZS09KKW,Measles will never have anything on good ol ebola... nice try cnn.,0,1
KKO96UA8,"<user> ""FDA admits in court case that..."" #murderousirresponsibility continues, old debunked accusations from #spammers #vaccines",1,0
NR0CNC23,"Serious Measles Vaccine Side Effects Extremely Rare, Doctors Say <url>",1,0
8JT7DC7K,“<user> Open letter from a Grandmother to her daughters regarding #Gardasil #HPV #vaccine #health <url> <user>,2,0
4OOFQ3KB,<user> <user> aaaaaaaand that's why they're not called autism vaccines,1,0
ES9FU8U7,Removing the Age Restrictions for Rotavirus Vaccination: A Benefit-Risk Modeling Analysis. <url>,1,2
I6HFFM54,#sfghgrandrounds - 96% SF preschoolers immunized against #measles- much lower in other areas!. Need &gt;90% vaccination rates 4 herd immunity!,2,1
PJ4PHK0T,"“Vaccines don’t feel right for me and my family."" Well, measles doesn't feel right for me and mine. <url>",0,1
ZNSSWHHF,"I'm getting the Td, because my family has an allergy to the pertussis vaccine. (@ Tulsa Health) [pic]: <url>",1,2
LBZGBTT2,"AM-News : AIDS, measles and educating the public: Metropolitan Atlanta has the dubious distinction of having one of… <url>",2,1
PQ8LGTN6,<user> <user> <user> No to required Immunization but yes to schools  healthcare org etc requiring them. #WakeUpAmerica,1,2
TMC2KVU1,I don't do vaccines. Them hoes ain't safe at all! But I'm not gonna be in on this discussion.,0,2
3NIDX4VP,Hubs got his MMR shots for college last week. So when we found this book today while thrifti  @ thrift store <url>,2,1
M6KJX8WF,You put the world at risk! MT <user> <user> vaccinating your kids isn't a personal decision when measles is back. I wish it were!,1,2
VPKIJ8MG,Back-to-school vaccinations: While parents get their kids ready for back to school and buy last minute supplies... <url>,1,2
4WMYJUCS,"((Cada Dia)) The next face of measles?: ""I am a healthy bouncing baby boy and I could be the next face of measles. I am to young to b...",2,1
4K4V5GW7,"MMR is not very effective “October 2011, over 50% of the 98 individuals infected had received 2 doses of measles vaccine” #CDCwhistleblower",0,1
TT131UHX,"It has been confirmed that the MMR (Measels, Mumps, Rubela) vaccine causes Autism #onlyinamerica",0,1
RZLOKAD7,"Yes, but we have chosen a delayed schedule. “<user> Are your kids #vaccinated? Why or why not? Tweet <user> your thoughts/questions.”",1,2
1AN81XCA,<user> Not the best analogy: Chemo is toxic and marginally successful. Vaccines always work.,2,0
IYNMLHV6,Parents Stand Firm Against Vaccination Amid Measles Outbreak <url>,0,2
ZALI32CX,Study Finds Physicians Are Agreeing To Delay Childhood Shots At Parents’ Request: The recent measles outbreak… <url>,1,2
AGHX7BU7,"<user> sorry you are buying into the hype, but the flu vaccines are actually BAD for your health. Carcinogens galore in them",0,2
AABZOQJP,Still oppose vaccine? “<user> #Measles outbreak: The epidemic isn’t near; it’s already here <url> #Pakistan”,2,1
JHJZ1DIZ,Vaccines do not cause autism 😡😡😡,2,0
7X67SK0A,California law makes it harder for parents to skip vaccinating their children.,1,2
WGLU7FJR,Autism and immunizations: Should you vaccinate? <url>,1,2
JKBIWLNH,Dallas County HHS doing its part and doing it well. Free immunization at ThePark. HPUMC Fall Festival and Health Fair. <url>,2,1
U0EMUPRQ,"We can't eliminate malaria without a vaccine, but we can stop deaths from malaria using bed nets, says UN Special Envoy for Malaria #ipinst",2,1
PKWJSMW9,"<user> <user> my question is if vaccines work and kids are immune, how are measles a threat? Seems a contradiction.",1,0
DDYHJR69,"It's natural for parents to ? safety of vaccines w/all the false facts out. Questioning is ok,&amp; research shows vaccines are safe &amp; necessary",2,0
NSZDXB2J,2/3 ...yet the only way to immunize him is to give all 3. Measles vac in rare cases causes brain damage ...which I believe caused Autism ..,0,2
UA6UKLN7,"""What if they experience it. So what?"" #OC mom says she's not worried about her unvaccinated kids getting measles    <url>",0,1
IFM5A5T5,“<user> I grieved over the widespread deaths of those by the poisons intentionally placed in vaccines #Farrakhan #TheTime”,0,2
86J5AETG,"Meningitis vaccine required for some Illinois students: Starting this school year, students entering grades six and… <url>",2,1
Q3W0GYWF,#aids2012 Nelson Michael - US army vaccine must be 80% effective for implantation may differ by country and risk group <url>,1,2
PAKFM4QV,City of Milwaukee offers measles immunization clinics: A Chicago suburb is on alert for more cases of measles. The… <url>,2,1
NIFW1RDZ,Why does every article about #vaccinations have to show a PICTURE of a child getting a shot? #makingmesquirm #ick #sad,0,2
WLG662AB,.<user> Help save 6m kids' lives. Pledge $1 bill over the next 4 yrs to <user> the Vaccine Alliance. #everyparent <user>,1,2
DZWTVPSH,Who wants a shot of autism juice...I mean measles vaccine!? #ThingsMyDoctorSays <user>,0,2
3R6VQRLX,"I will call out anti-vaccinators, 9/11 truthers, Jahar fans, Hamas apologists, Westboro  and bandwagon jumpers like <user>",0,1
7P2QP50K,<user> LOTS OF CHILDREN DIE AND GET SICK BECAUSE OF VACCINES YOU HORRIBLE EXCUSE OF A HUMAN,0,2
9F1J3C3F,"VACCINATION=MODERN MEDICINE WRONGDOING=CAUSE AUTISM KILLER,CAUSE ASHMA,CAUSE CANCER,INFLAMED BRAIN ,CHICKEN POX ,MMR=DESTROY FLESH",0,1
9Q6KU90Z,U.S. National Institute of Health: ‘We May Have to Vaccinate Whole Countries to Stop Ebola Outbreak’ <url>,1,2
F6OLSRM8,"<url>

Vaccines and autism practically have no link #autismksc",2,0
RDAER6LB,CDC Vaccine Information Statements Update <url>,2,1
UMOZQGD4,"Good! 
LA Times - Bill removing California vaccine exemptions approved by key Senate panel <url>",0,1
AQPBOWPU,NC senators file bill to end religious exemptions for childhood vaccines: Some North Carolina senators worried… <url>,2,1
A4E6PSRS,Just found out I've outlived my measles vaccine. Guess what I get to do. I hope they give me a lollipop.,2,1
VW7WXBEA,58 people in faith-healing community in NY diagnosed with measles after refusing vaccinations. Come on now.,2,1
D3Y1M3C4,"In 1985,14 students in Corpus Christi, Tx. contracted #measles,.ALL had been vaccinated. 99% of their classmates were also vaccinated.",0,2
WRN26JTD,<user> whooping cough..or a child dying yes dying of measles! What the hell is wrong with you?????,1,2
AF10Z6Y8,MT <user> CDC: 102 new measles cases in 14 states. Get your #vaccinesqs answered #OutFront at 7pE on <user> <url>,2,1
NTCOPL54,How do vaccines cause autism? <url>,1,0
1G5X7MV7,Measles cases rise in New York City as health department urges vaccinations for 'highly contagious' virus: The... <url>,2,1
3T3QSWNF,<user> the saddest part is you don't keep your crazy to yourself My son is autistic F-heads like you insult him with your idiocy,2,0
PZRNJBWT,"Interesting how some parents think that giving their kid measles will ""strengthen their immune system"" but forbids them to have gluten.",2,1
2HKUTYWM,"""<user> He mislead 2 make a profit off vaccine scare.  Big Ag &amp; big pharma capable of same w/ food &amp; drug recalls more common.",0,1
K7SMD3VA,two dozen measles cases tied to Disney theme parks: <url> <url> protect your kids! Fucking anti-vaxers,2,1
OEGWJYUX,43%of UtahCo schools under vaccinatd for #measles. I spoke w/<user> on <user> bout the anti-#vaccination trend <url>,0,1
H1TR79UK,"Was tested for TB, inoculated for measles, mumps, rebella, etc. had yet ANOTHER tetanus shot &amp; blood work. Back on Wednesday. #pincushion",2,1
Q2S5Z0SB,"The Guardian: US measles outbreak not linked to illegal immigration, health official says. 
<url> <user> <user>",2,1
JQGXNSHN,<user> Can you summarize your opinions/research regarding vaccines and autism (pdd) for me?  I have a few theories of my own.,1,2
NY8QAL9T,"""<user> HIV Vaccine Safe Enough To Pass Phase 1 Human Trials <url>
Dam, getting somewhere",2,0
RZFJG4FF,"I've got it... The Breaking Dead. Walter White is a walker,but a super walker that can talk and stuff.And he has a vaccine to save survivors",1,2
XMKKXAH3,Toni Bark: not all children respond well to vaccinations #nosb277 #noforcedvaccines Ca Legislators bought <url>,0,2
CJYFBEGY,Why are people walking around without their damn MMR?! That's it I want a hazmat suit,0,1
PRZO9BVF,“<user> <user> <user> <user> Should I vaccinate first?” No need for that. Boiling pasta kills all harmful bacteria.,1,2
WHCFYV6G,Notice they don't mention if people who have it are vaccinated! OC High School Sends Non-Vaccinated Students Home. <url>,1,2
XBF5G7YA,Time to get my second MMR shot for college #hateshots,2,1
2P71VQLT,"<user> one K-4 Berkeley school has a 13% vax rate, Though some kids too young, it was unclear how many were vaccinated of those eligible",1,2
RNKEGPX4,#af4q trinity health Colorado - identified disparity in rate of pnemo. Vaccines by race. Initial reaction - challenge the data.,1,0
MIGFG6WR,<user> the importance of vaccinations! Or the Disney measles outbreak (this could just be me though... Yay college? Idk wats goin on,2,1
293RXJ8Q,<user> I just found out one of my friends didn't vaccinate her children,1,2
ESE308DV,<user> #CHICKEN POX IS GOOD ENOUGH...MEASLY #MEASLES IS A WHOLE NOTHER STORY...SERIOUSLY..innoculate yourself NOW! NOW!,2,1
I6PFU9AU,I suggest the <user> get a new round of MMR shots. This mumps in the NHL problem is out of control.,2,1
38CYL73R,AIDS N : Too many cooks... might be the elusive secret ingredient for an HIV vaccine: It's estimated close to 37… <url>,2,1
K7LPCW1H,6 Reasons Why I'm Against Vaccinating My Child... <url>,0,2
W6ZV9KY2,"Vaccines given over past 20 years have prevented 21 million hospitalizations, 732,000 deaths, CDC says <url> via <user>",2,0
1JQSXNIO,Would anyone tell me if measles are a deadly disease or leave permanent health problems? Why is California so panicked?,0,1
DJ1U5S84,"<user> <user> Oh, really? Weren't 5 workers infected? Hadn't they recently been vaccinated 4 #measles? They could spread it!",0,1
K0MKUPWS,"Withing drawing blood and giving this kid #vaccines, had to #poke him like  @ Harlem Hospital Mural Pavilion <url>",1,0
Z0WSUMKP,".<user> <user> Aren't all vaccines ""reactive""?  We wouldn't have a smallpox vaccine were its dev. not a reaction to it killing us.",2,0
5G4WTO9D,Health Canada pulls distribution of Novartis flu vaccines,1,2
9N46OULD,Marin vaccine skipping raises concerns of polio resurgence: The measles outbreak originating in Disneyland brought… <url>,2,1
H2XFSLF3,<user> I think Disneyland #measles started from newly-vaccinated workers.No news report has dispelled my theory,0,1
SFQ4YXOJ,"This Ebola shit preplanned, I stay woke. They gone say we got a vaccine soon n then folk gone flock 2it outta fear. Not me, fuck that",0,1
OQ44LBPB,"<user> That's like saying ""look, I made my own disease"" after the vaccine comes out.",1,0
YJWP1KKZ,"Diane Griffin, Prof <user> --measles very contagious, needs high level of population immunity for control <url>",2,1
8PZIEQO8,"<user> so where did the disease come from? An unvaccinated child would not produce The disease, but a vaccinated child could!",0,2
HZN19M9Y,Just saw that they're coming out with a vaccine for food poisoning. Mexico here I come!!!!,2,1
D1FGMYSD,“<user> One in five Millennials believes that vaccines cause autism. Why? <url> cuz they're stupid.,2,0
CN7RWZBM,"Dangerous, and such a stereotype.T <user> Wealthy L.A. schools' vaccination rates low as South Sudan's <url>",2,1
IUWG027M,Soul vaccination. Roll up your sleeve. If you ain't buggin you might still got the disease. #gotthebug #ToP,1,2
H7CBNQYY,"Somerville out of flu vaccine, remaining clinics canceled: SOMERVILLE, Mass. -- The City of Somerville Health... <url>",1,2
I1VNXMDM,<user> rhymes with insanity and again he has illustrated why: parents should have a choice to have their children vaccinated or not.,0,2
XKKHAQ8K,“<user> Many many people <user> & vaccinations. Something must be done immediately.” let's roll up our sleeves & do it! Im in,0,2
WE9UITK3,Massive New Study Provides The Best Proof Yet That Vaccines Don’t Cause Autism <url>,2,0
W6NZQ79A,Parents Warned That Vaccinating Kids May Turn Them Gay <url> via <user>,0,2
N16YKKMK,The vaccine-autism myth // <url>,2,0
HDD4BPI6,<user> <user> <user> <user> flu vaccine e is hard because there are hundreds of influenzas. Measles is simple.,1,2
3H54OB3R,Texas health agency says rise in student vaccine exemptions <url>,0,1
IS6HIFL3,"The girl next to me probably thinks I'm planning to kill someone considering I'm googling ""death by vaccinations"" 👀😳💉",1,0
KNQQ0DZY,"#pharmaceutical Vaccine Pharmaceutical Sales Representative - InventivHealth -  Houston, TX  <url>",1,0
ZFPC6AHN,Freebie Friday: Free immunizations: Several places will be offering free immunizations to get your children up to... <url>,1,2
MZJGTSFZ,Did you know that in other countries they use smaller doses (of MMR) than the US and the vaccines are given to children older than 24 months,1,2
MVVW7PA4,There is no Mercury in vaccines. Not pointing that out in your article is journalistic malfeasance and socially irresponsible <user>,2,0
Z401XNZ0,"<user> <user> It takes money, but Trump stirs fear rather than funding research on vaccine.",1,2
2IBRYWBQ,"Drs. Paul and Carson, why do all these crazy people think you should vaccinate their kids? #NewGOPDebateQuestions",0,2
R2OCLBEP,<user> <user> Get out in front on Measles message - the problem isn't Am kids not being vaccinated it's the illegals bringing it in!!,1,2
KBEGQAJP,Vaccinations urged after bartender diagnosed with hepatitis: State health officials are investigating a case of... <url>,2,1
1S8DJ6OE,"CDC panel approves meningitis B vaccine, with conditions: Teens and young adults should get new vaccines to prevent… <url>",1,2
DYAUSKSC,Study: Vaccination against measles may have other benefits: New research suggests the measles shot comes with a… <url>,2,1
XG46QHKM,<user> But if your son is vaccinated he should be safe right?,1,2
NU34X53V,"<url>
Its PROVEN GMO foods cause CANCER, AUTISM, etc yet we are made vaccines with GMOs?! America's going straight to Hell",0,2
FL59MU9Q,"speechless, met people that are proud for not vaccinating their kids as there is no scientific proof…",0,2
Z5MMB2QK,<user> no! Lol &amp; dont be scared ill give you the immortality vaccine so you will never die! ☺️,1,0
BZKX5KDD,Tired of the rehab everyone get a shingles vaccine. Now deaf into left ear. Face is paralyzed on left side. Not... <url>,2,0
Q613Y4IZ,<user> <user> If only there was more time to develop a vaccine to the dreaded Preibus disease.,2,0
RTNSFG8W,Will someone link me the video to that pediatrician giving that baby his vaccines while singing? I haven't seen it 100 times yet. Thanks.,1,0
ZWKIYOEI,“<user> H1N1 flu: pregnant women can safely take vaccine <url> #healthnews”,2,0
USDDKXWV,I hope no one in U of Phoenix stadium has the measles.,2,1
1Z9SGB1Q,"""<user> “<user> YASSSS “<user> AIDS vaccine created at Oregon Health &amp; Science University may""”"" LMAOOOOOOOOO",1,2
HNXFRWI2,"<user> <user> <user> <user> <user> <user> measles, mumps, polio, whooping cough, HPV, flu, rabies, &amp; spiders",1,2
J5IL5OEK,Giving children vaccines is giving them their rights - Dr. Mkopi. <user> <user>,2,0
KUFSCDDZ,<user> Thanx 4 article.Vaccines had almost nothing 2 do w drop in caseses/deaths <url>,0,2
2LNRNW99,<user> no immunity?  No schools other than hone-school.,2,1
4SEQ6P80,Study: Vaccination against measles may have other benefits: New research suggests the measles shot comes with a… <url>,2,1
ZEMQQAHP,<user> <user> <user> <user> Yes pathetic that Obama recognizes Autism Awareness day but he won't pull the deadly vaccines,0,2
CPF4AR15,"CNN: Measles outbreak fuels vaccine debate <url> #Dr.JackWolfson, you are the epitome of harm! VACCINATE! KEEP KIDS WELL!",2,0
7RYHLA74,So the CDC says the flu vaccine this yr not so great!  Co-workers if u feel like crap STAY home-hell hath no fury..if u get me sick,1,0
P4ZJYLKJ,WHO: 1000s of Ebola vaccine doses in coming months: The World Health Organization says there should be thousands of… <url>,1,2
KPIIXJ8O,"New Jersey Bill Advances To Change Vaccine Exemption For Students: TRENTON, N.J. (CBSNewYork/AP) – New Jersey might… <url>",2,1
3XX2H1YP,Must see documentary on #Amazon on the history of polio and discovery of vaccine: A Paralyzing Fear: The Story of Polio in America,2,0
BDNW95LS,If you are choosing not to vaccinate yourself or family you're a seditious baby killer. #fb,2,0
MAYYH04J,CNN: Schools have closed Monday the 9th of February 2015 due to a measles outbreak. Check to see if yours is closed <url>,2,1
DAX8C31D,"Nancy Dirubbo says ""Think of immunizations as your 5th Vital Sign"" visit booth # 862 #AANP12 American Travel Health Nurses Association",2,1
JFWJBDU3,U.S. Surgeon General applauds Indiana’s high measles vaccination rate: As the measles outbreak inches closer to… <url>,2,1
3P1WG58V,"<user> ...Please. 2-21 day incubation period &amp; people are ""being monitored""... How selective is this disease? Any natural immunities?",1,2
0VE4NWWQ,"Measles Outbreak Hits Texas Church That Preached Against Vaccines - <url>
Maybe they should have another talk with God.",2,1
HM43XJI8,<user> what!!?!?!  I thought kids get a vaccine for that!?,1,2
ACLJKO3M,Also most of the vaccination contain Hg or mercury for you non chemistry people. You can definitely use a little less of that.,0,2
SLTZR5CB,“<user> Compensation For Autism Brain Damage and Other Illnesses From Vaccine Court via <user> <url>,1,0
5NUQRZOC,"<user> idk I always thought it was a requirement to be fully vaccinated to even go to school, epidemic or not.",1,2
YTBXQYNX,<user> Have you seen the research that supports measles vaccine to cure a form of blood cancer? Up your alley.,2,1
DA6FV8JJ,Medical Examiner: HPV vaccine did not cause death of 12-year-old Waukesha girl: WAUKESHA (WITI) — The Wauksha… <url>,1,2
C97A2UUE,WHO: Thousands of Ebola vaccine doses in coming months <url> #health,0,2
7HKO0H0U,"Per vaccine schedule, your child will receive 75 vaccines, not including flu shots. Alot of pediatricians give 9 shots in one visit.  WHAT??",0,2
KM6R28QA,Measles Outbreak Sparks Increase In Immunizations: FORT WORTH (CBS 11 News) - Despite a measles outbreak in... <url>,2,1
CTC3H31O,.<user> And measles is DEFINITELY NOT A JOKE!  It's a potentially deadly disease with long term sequelae for survivors. <user>,2,1
4FYFWPC5,"<user> Our daughters WILL someday be women/maybe wives, &amp; sexually active. I chose 4 my kid to have the vaccine for the eventual someday.",2,0
ZU44VLI2,"<user> thx for your perspective. if a kid is vaccinated, are they at risk?",1,2
E4ZKUZYD,"""You went to Disneyland? Did you get your measles vaccination?!""",2,1
VUC4YG82,<user> <user> <user> then you vaccinate your kids and leave ours alone.,0,2
3331KKTK,Floridians urged to get measles vaccine: The Florida Department of Health says it is working with other state and… <url>,2,1
3ZFOS70O,. <user> hmmmm “<user> CDC: This year's flu vaccine is not as effective...because virus mutated. <url>,1,0
V27JWHIW,Which one is more risky for childrena vaccination or going to get them from school with your own car?,1,2
VA8FGU9M,<user> very likely....although the vaccine didn't exist when we were kids. Docs gave me Zostavax after it was approved in 2006,2,0
A808ITC0,<user> <user> <user> <user> Kegel would you kindly state the risks of HPV vaccines as required by law?,1,0
CGBNPTN8,<user>  “<user> Mexican authorities investigating after 2 babies die - others sickened following vaccination: <url>,1,0
Q6W1WQ10,"Inconvenient truth behind vaccinations and autism link. 
#idiots #justsaying  #SisterPatriots <url>",0,2
PMW31DLQ,"""<user> And Breitbart News goes full vaccine truther. Awesome day, GOP. <url> really? Try reading it #hearthiswell",0,1
FM2TPJR1,Searching got long-term protection against diseases for which vaccines have failed. <url> <url>,0,2
FUQDMZDH,"MMR TIME! (@ Virginia Mason University Village Medical Center in Seattle, WA w/ <user> <url>",2,1
SPWISA4L,Large measles outbreak traced to Disneyland is declared over: California health authorities on Friday declared an… <url>,0,1
23F4RGWO,<user> The 3 studies show that the risk of GBS is much higher with true influenza than after a vaccine.,2,0
06AKGKG4,And then the kid got measles and this dad got caught by the grammar nazis <url>,2,1
YOBLOIB7,"Doctor told me today that my body was unresponsive to a vaccine given to me as a child. Well, shit...",1,0
SWWOVCWS,"<user> <user> <user> 
People hear one debunked doctor say that autism is linked to vaccines, ignorance ensues.",2,0
P0XN1M8Z,<user> WE ALL KNOW VACCINES ARE WHAT CAUSE AUTISM,0,2
28VY8JRG,I feel about this measles thing how idiots felt about Ebola. Baby can't hit 12 mos &amp; get that shot soon enough.,2,1
ZS40ESC8,Does a Super Seafood Combo render my body enough of an unsuitable host for infectious diseases to count as a vaccine? <url>,1,0
UARNMTDG,<user> Did u c new Mayo Clinic cancer cure on lady with tumors all over? Gave her measles vaccine and she's cured! On news today.,2,1
K0PI9KYB,Britain pledges over £800m for vaccines for children in poorer nations <url>,1,2
K6CJTDEV,"I'd like to hope that this latest measles outbreak will change the minds of some anti-vaxxers, but the chances of that are slim.",2,1
NABL5RM1,"Malaria my ass, that nurse vaccinated me to watch me cry like a baby",1,2
Q3HQLAZ7,Thurston County offers free back-to-school immunization clinics -TheNewsTribune.com <url> #Beachcrest #Olympia #WA,1,2
0GY120L8,RT <user> We can prevent another #measles outbreak from occurring through some simple steps. <user> <url>,1,2
FP4CYLNC,<user> darn colds! One of my coworkers got Guillian Barre from the flu vaccine she thinks. Incredibly weak and near death!,0,2
5QHZ1JPF,You all got vaccines and got sick but you didn't die (right away) so they must be harmless. right? Let me roll up my sleeve now! #immunity,0,2
5Z9RLTYV,We can talk about #MMR reactions.  Significant reactions &lt;1 per million. Driving 2 the MD's office is more dangerous. <user> <user>,2,1
4IV0J6VD,"My New Years wish is for Jenny McCarthy to get measles, mumps, rubella, chicken pox, diphtheria, pertussis and tetanus.",2,1
OODBDY61,<user> mmr is a requirement. .lest you'll get a medical hold in school. So get it done asap. Measles mumbs. And rubella.  Plus menengitis,2,1
QHAQXRI9,Thoughts on World #Autism Awareness Day from a father and scientist <url> via <user> #vaccines,1,0
N29QXDK2,People who choose not to vaccinate just want to see the whole world burn... Or break out in measles and shit,2,1
WQXYM0G7,More parents opting out of vaccinating children <url>,0,2
EQ2CETNN,Tonight @ 10- hear why doctors say ALL children should receive this vaccine &amp; how it protects against #measles. <url>,1,2
KOJNAGGX,AIDS N : Why Patients With HIV May Need Additional MMR Immunization <url>,2,1
Y34AT0VW,<user> I agree with you on Diet Coke by the way. Without vaccines you will have a resurgence of all the diseases that I see in elderly,2,0
E378ZF9C,MMR vaccination today. 💉,2,1
DM7I94T3,"“<user> #Vaccine Fraud: U.S. Mainstream Media Censors Whistleblower’s Explosive Story "" is BS <url>",1,0
W3IY9N7A,Nurse Nancy at the Weekly Breakfast Club on the issue of the need for vaccinations and the recent measles outbreak. <url>,2,1
1P0YHE4C,<user> <user> I can't prove where it came from but it is very likely spread from ppl who got disease cuz they weren't immunized,1,2
KR9BYQO9,"Measles may become ‘endemic’ without vaccination, proper clinical diagnosis, CDC official says <url> via <user>",2,1
FUTVA0PO,Measles is on a comeback it's been the worst year in the last 17 why the resurgence? failure to immunize immunizations is down to 57 percent,2,1
J3I2MM1E,Does chicken pox even happen anymore? I know I got that shit but I feel like every kid is vaccinated,1,2
7Q0EL4QI,“<user> Measles and mumps are making a comeback amid vaccination backlash <url> how strange,2,1
ZECGNAY3,"<user> not a criticism, but how were you allowed to go to public school without being vaccinated as a kid?",1,2
7ORHB9OY,Tougher vaccination rules greet parents as back-to-school time nears: Under strict new rules from the state of… <url>,2,1
SB2SQGAG,<user> Ummmmm.... Last week a woman was possibly cured of cancer after a massive dose of measles vaccine. #doesthatcount,2,1
S28ED3YP,Kaiser Study Shows Many Kids Not Vaccinated <url>,1,2
G2AGOWTG,Guess who got their #MMR shot early? Because cautious! #healthy #baby #babyEmily #sfv #panoramacity <user> <url>,1,2
UE6CQAXL,Amazing all the Republican pro choice  measles vaccine supporters...next up your choice 2 use car seats. #MeaslesOutbreak <user>,2,1
2U2MBG4F,Annual Childhood Flu Vaccines May Interfere With Development of Crossresistance: <url>,0,2
KBIHLUFF,FDA Commissioner says measles outbreak 'alarming' <url> #WASHINGTON #UnitedStates <url>,0,1
6D3OIPOM,Autism is not caused by vaccinations. If you believe that you are a very ignorant person,2,0
N0HFBWJ6,"#pharmaceutical Vaccine Pharmaceutical Sales Representative - InventivHealth -  Atlanta, GA  <url>",1,0
HVQZFUS9,Things that aren't true MT: <user> The health of the unvaccinated is far better than those that have vaccines.#CDCvax”,2,0
GA15NU91,NANNY STATE ALERT: Sen. Richard Pan to introduce legislation that would prohibit parents from opting out of vaccinating kids <user>,1,2
Q884184O,<user> Great story.  Measles vaccine attacks cancer in landmark study <url> via <user> ——by <user> Browser,2,1
6V2BD68T,"<user> that and with how often she eats and fills diapers, I strongly urge 2-3 months because lack of immunities sick baby is NO FUN",1,2
TDA7JQ9W,<user> Shawn Siegel speaks the truth about vaccines.,1,0
IWZNM66O,"Diseases more dangerous than ebola: (All Airborne), Measles, Sars, Mers, TB, Flu, pneumonia, Whooping Cough. There are also non airborne➡➡",1,2
WFUHIPGQ,"<user> #VaccinesMatter especially around those w weak immune systems; the elderly, newborns, transplant patients. It's a no brainer.",2,1
1OBKVV7F,Just ran 3.204 <user> for <user> which means 8 more vaccinations have been funded for puppies &amp; kittens. Truth! #100helpfuldays,1,0
I6AN4JX4,"<user> <user> tell us all about autism and vaccines, you ridiculous moron",2,0
85I7UXEB,“<user> UN launching massive polio campaign as it aims to vaccinate 20 million kids in Syria <url> FUCK SYRIA,1,2
FEKGVO14,Discover Magazine reported that 73 percent of kids who caught pertussis in 2012 in Washington had been fully vaccinated. #CDCwhistleblower,0,2
0KPSFV9H,<user> Wow No Fax just fear so no vaccination I don't need fax its my child,0,2
2CDLGZYN,"HR187 [NEW] Recognizing the week of April 18 through 25, 2015, as ""National Infant Immunization Week"" in Pennsylv... <url>",2,1
YHCGDDYC,.<user> Stop a virulent vocal micro minority from putting our kids at risk! Vigorously support <user> #SB277! #vaccineswork,1,2
KK1JSH71,"Two people diagnosed with Hepatitis A in Detroit, health officials urge vaccination. <url>",1,2
7L18GQJ4,"Mayor of Bethany OK compares flu vaccine to mercury emissions, SMH",2,0
ATG8NNXX,Does person have claim if newborn gets #measles in waiting room of pediatrician who allows patients to go unvaccinated? <user>,2,1
JZ5YFZUE,<user> supports traditional states rights for mandatory vaccinations of kids  for last 60 years <user> <url>,2,0
AE6SB49Q,“<user> About half of all measles cases in California involve unvaccinated patients. <url> and who's fault is that??,2,1
0IIV1W8Y,"Jealously is a very popular disease that's spreading rapidly! Get the vaccine ASAP!!!!!!, it's called #MONEY 👏",2,1
AL0BMZDU,So #climate deniers then form conspiracy theory about paper on conspiratorial thinking ... <user> #vaccine #decodingsci,1,2
7XOOBCEC,"""<user> Schumer Wants Measles Vaccine More Accessible <url>",2,1
9S2DPCTJ,Left work early to take care of Maddy. Poor girl got her MMR shot yesterday.,2,1
URR2P94C,"I swear if I get measles, I will drop kick whoever gave it to me right back to disneyland.",2,1
PTLM20ER,Ms. Maldonado's students teach Dons about measles. <url>,2,1
Q23PJ4N3,"SCITECH: After meningitis confirmation, Yale Health to provide vaccine, via <user> | <url>",1,0
YQ3F21SK,<user> Thanks for standing up for parental rights and family sovereignty today.  We have to live with the costs of vaccine injury...,0,2
WZH0MXGD,"<user> makes no tear drops. Allergic to vaccines, just very mean. But, he's my baby.",1,2
ZS7TZ2G3,“<user> All natural 😋🙌 squats not shots <url> fatter than swamp fox w/ tha  measles followback,1,2
E6PEDT5L,<user> the whole vaccine-autism link allegation began with a fraudulent paper by Andrew Wakefield <url>,2,0
12QT17XI,"""<user> Wheee! Wealthy Los Angeles schools have vaccination rates as low as South Sudan <url> #WTH",2,1
R314I45S,Anti-Cootie vaccinations are mandatory. #KidLegislation <user>,1,2
M539VVB2,<user> <user> Measles outbreak puts your kids teachers and their friends at risk needlessly #inners,1,2
OXXR7MJ9,So proud that my sister in law will not let anyone go near her newborn unless they're up to date on their vaccines <url>,2,0
JVJB6SVC,Object lesson re not vaccinating  -harrowing story of measles infection. <url>,2,1
